t,p1,p2,x1,y1,z1,vx1,vy1,vz1,x2,y2,z2,vx2,vy2,vz2,d
240933976.1019795,3,15,-2111938095.523366,147133646764.0754,-10349329.098314553,-30266.406731437026,-530.464082571978,-0.37979621201190644,-2100579749.879221,147128814415.6113,-7770773.081335507,-38094.40371978129,12538.366187576483,-2623.278506837003,0.9885345974302816
