t,p1,p2,x1,y1,z1,vx1,vy1,vz1,x2,y2,z2,vx2,vy2,vz2,d,e,q,tp,node,peri,i
240934175.99998713,3,45,-2117988288.7212296,147133540603.15848,-10349405.051821664,-30266.394613754695,-531.6867427525932,-0.3801263626219104,-2106057841.1636143,147130416688.08755,-8096884.362202272,-38257.807021488356,12453.581346567378,-2617.4819375591887,0.9827851880252663,0.6615630996157686,0.8514977234961167,2460636.917726564,271.3656109066334,134.36129991289226,3.408228711372651
