t,p1,p2,x1,y1,z1,vx1,vy1,vz1,x2,y2,z2,vx2,vy2,vz2,d,e,q,tp,node,peri,i
240932677.83755717,3,588,-2072644245.9383488,147134330292.1625,-10348837.416123442,-30266.484231961625,-522.523406923288,-0.37764800983666774,-2078102325.2096834,147123456654.1093,-6709955.892501138,-36472.17188281973,13339.78900577495,-2780.9750776635456,0.9955209079182723,0.6615619638518935,0.8514979124651266,2460636.91771465,271.36561722357175,134.36130140536974,3.408226148717363
240932765.36999068,3,217,-2075293544.731274,147134284530.98563,-10348870.47892149,-30266.47907201833,-523.0587853576789,-0.3777930647512696,-2083523005.2501726,147125596958.2623,-7155075.696483994,-36103.23182851959,13540.532039856764,-2852.4915487132066,0.9709265681524539,0.661561876396406,0.8514979048359104,2460636.917716399,271.3656248434413,134.36129456272272,3.408225522731014
240932765.36999068,3,47,-2075293544.731274,147134284530.98563,-10348870.47892149,-30266.47907201833,-523.0587853576789,-0.3777930647512696,-2082654559.8236232,147125229734.27304,-7081541.167042977,-36200.77058717752,13549.974360708109,-2854.144938333643,0.9499749246483307,0.6615619113090199,0.8514979068801731,2460636.917709253,271.3656027119826,134.36131079135848,3.4082234819128985
240933508.2469441,3,762,-2097777798.129255,147133894274.96262,-10349151.589616928,-30266.434899839067,-527.6024934630419,-0.37902286276908886,-2088944133.0288951,147125478747.45685,-7099484.302869983,-37737.37475934893,12739.861070729161,-2647.729224737666,0.9897849849415977,0.6615627699407703,0.8514978130410258,2460636.9177244436,271.36561091985044,134.36130673277086,3.408227777015878
