t,p1,p2,x1,y1,z1,vx1,vy1,vz1,x2,y2,z2,vx2,vy2,vz2,d,e,q,tp,node,peri,i
240932679.47233957,3,112,-2072693725.0570583,147134329437.9422,-10348838.033498012,-30266.48413567953,-522.5334058107035,-0.3776507192144075,-2077064632.3581676,147123006087.01987,-6617805.743564382,-36581.25623089534,13293.70336290629,-2766.330238654537,0.9954456432059106,0.6615620082699248,0.8514979107711063,2460636.917712534,271.3656059407057,134.36131086371338,3.408224742048853
240932829.58307412,3,259,-2077237048.5580816,147134250931.15833,-10348894.741595052,-30266.47528071772,-523.451534912213,-0.3778994558880257,-2077246660.094927,147122648817.41647,-6539791.264457438,-36982.93202240477,13198.609493987426,-2745.1378112046564,0.9572861721781691,0.6615622450961054,0.8514978405056939,2460636.917720217,271.36562716985986,134.361289930325,3.4082274429934136
240933033.36330256,3,891,-2083404756.5763195,147134144135.08997,-10348971.784425376,-30266.46321535138,-524.6979272171575,-0.3782369762038116,-2080307942.4408865,147123342412.656,-6678533.4146792935,-37287.26444196869,13125.880534824304,-2735.8081755662574,0.9266930001474024,0.6615624249680507,0.8514978228474979,2460636.917719473,271.36561751325894,134.3612970688851,3.4082279005162675
240933093.29529056,3,356,-2085218685.7796676,147134112677.91562,-10348994.45589297,-30266.459657168652,-525.0644930038592,-0.3783362088849433,-2080836697.3173926,147123381357.82602,-6683162.680737279,-37371.329851496004,13019.339031558953,-2706.681556077579,0.9530493730551052,0.6615624612702476,0.8514978933831969,2460636.917720425,271.36560771921233,134.3613139475669,3.4082268396763293
240933296.3828044,3,465,-2091365424.5971513,147134005917.73972,-10349071.325390184,-30266.447566856063,-526.3066514449412,-0.3786723624386752,-2084586661.577677,147124327457.54807,-6871352.964896886,-37574.64429052789,12883.984028505787,-2678.308720861167,0.9655967187582387,0.6615626270566131,0.851497839445669,2460636.917717287,271.36560176347666,134.36131208918883,3.40822699749369
240934011.046957,3,287,-2112995754.3903341,147133628223.28543,-10349342.371293308,-30266.404616650794,-530.6778205706155,-0.37985393882394664,-2102243244.874627,147129392472.00653,-7895066.549912677,-38225.10850183209,12614.49188100664,-2659.4870146579055,0.9261687469558887,0.6615629950714572,0.8514977681293883,2460636.91772414,271.36560459493296,134.36130861148538,3.4082292370209544
