t,p1,p2,x1,y1,z1,vx1,vy1,vz1,x2,y2,z2,vx2,vy2,vz2,d,e,q,tp,node,peri,i
240932702.49367902,3,87,-2073390500.0429883,147134317406.9026,-10348846.727962546,-30266.48277946551,-522.6742121908967,-0.37768887205906043,-2076477072.9581466,147122686874.17944,-6551226.732344322,-36700.84831147746,13255.121989186722,-2755.4533639137444,0.9891734152091289,0.6615620739077144,0.8514978874234539,2460636.9177154466,271.3656119331932,134.3613053136406,3.4082253506368207
240933298.6598835,3,41,-2091434343.688601,147134004719.282,-10349072.187661353,-30266.447431007444,-526.3205789164456,-0.3786761305349962,-2084540759.4239287,147124298026.55777,-6865183.223015673,-37573.497330411126,12868.574560643452,-2673.463100642,0.9724463599739669,0.661562637570074,0.8514978251299247,2460636.917718229,271.3656019179061,134.36131123898622,3.4082264002543314
