t,p1,p2,x1,y1,z1,vx1,vy1,vz1,x2,y2,z2,vx2,vy2,vz2,d,e,q,tp,node,peri,i
240932803.13300785,3,13,-2076436498.2636633,147134264774.3466,-10348884.746708982,-30266.476843011467,-523.2897570789468,-0.37785563427139646,-2077863295.4715328,147123003750.05093,-6616450.68500638,-36861.94380246,13302.962454768913,-2775.541708364295,0.936711863996228,0.6615621808493454,0.8514978468420019,2460636.9177163295,271.36561493775554,134.3612997157723,3.4082256998896434
