t,p1,p2,x1,y1,z1,vx1,vy1,vz1,x2,y2,z2,vx2,vy2,vz2,d,e,q,tp,node,peri,i
240932745.33469716,3,645,-2074687146.9316664,147134295009.39426,-10348862.910059169,-30266.480253911264,-522.9362425821251,-0.37775986591239075,-2078453906.2455158,147123444634.95728,-6710108.052229106,-36629.24287736013,13387.185031894449,-2798.583944948209,0.9444937734380747,0.6615620371376046,0.8514979402070335,2460636.917710193,271.36559454241444,134.36132291165046,3.408223429008757
240932745.33469716,3,70,-2074687146.9316664,147134295009.39426,-10348862.910059169,-30266.480253911264,-522.9362425821251,-0.37775986591239075,-2077633245.7902975,147123078118.07782,-6633287.021637715,-36713.27350596062,13326.922837739852,-2779.704631976088,0.9546673853666366,0.6615620753960758,0.8514979245315999,2460636.9177164147,271.3656028849278,134.36131851002443,3.4082238531235567
