t,p1,p2,x1,y1,z1,vx1,vy1,vz1,x2,y2,z2,vx2,vy2,vz2,d
240932752.37391314,3,968,-2074900199.215157,147134291328.1817,-10348865.569233432,-30266.47983872048,-522.9792968548694,-0.37777153020611987,-2076691830.6155114,147122644819.9786,-6542561.393011652,-36819.729347933266,13242.814324390265,-2754.159628388497,0.9707391430195456
