t,p1,p2,x1,y1,z1,vx1,vy1,vz1,x2,y2,z2,vx2,vy2,vz2,d,e,q,tp,node,peri,i
240933076.29773736,3,57,-2084704230.0096521,147134121601.84375,-10348988.025342263,-30266.46066676922,-524.960529779118,-0.37830806660018024,-2079823639.146943,147122990612.98193,-6602783.185576722,-37356.816611712544,12926.052194870927,-2676.3890309066983,0.9970168742262593,0.6615625051658558,0.8514978195054504,2460636.9177177,271.3656040212197,134.36130875434597,3.4082266879835745
