t,p1,p2,x1,y1,z1,vx1,vy1,vz1,x2,y2,z2,vx2,vy2,vz2,d,e,q,tp,node,peri,i
240932858.36845124,3,430,-2078108280.4361486,147134235860.87457,-10348905.620259732,-30266.473579506644,-523.6275963665812,-0.3779471433128595,-2076769608.2946968,147122359754.6866,-6478778.456053406,-37079.70744698865,13090.305392762324,-2713.795234576606,0.9847952217505469,0.661562286546452,0.851497886236357,2460636.9177167504,271.36561111127907,134.36130683668472,3.4082272886895337
