t,p1,p2,x1,y1,z1,vx1,vy1,vz1,x2,y2,z2,vx2,vy2,vz2,d,e,q,tp,node,peri,i
240932848.02392188,3,373,-2077795188.0077553,147134241277.22836,-10348901.710663043,-30266.47419098426,-523.5643255940365,-0.3779300063926435,-2077807338.920186,147122837826.40054,-6578619.782727353,-36991.35395808771,13231.851084611533,-2756.4822296848256,0.9415424142614269,0.661562255815953,0.8514978255014248,2460636.917720031,271.3656312681545,134.361283950176,3.4082271145427736
240932980.30314535,3,483,-2081798813.1933458,147134171967.0346,-10348951.717442984,-30266.466361854356,-524.3733922100914,-0.3781491092929143,-2079374697.6983829,147123107337.0362,-6630916.004383459,-37216.93191199653,13140.994574065793,-2736.898182548473,0.9345728833793122,0.6615623771552588,0.8514978428970861,2460636.9177213185,271.36562136577675,134.36129660321882,3.408228070613143
240933268.26041165,3,799,-2090514259.6454892,147134020716.32352,-10349060.676871635,-30266.44924408716,-526.1346443371757,-0.3786258239211951,-2083797292.1267474,147124078892.18958,-6819786.758088101,-37542.76760346685,12866.481624549866,-2670.6356956061327,0.9804218740054482,0.6615626159005905,0.8514978421221481,2460636.9177203635,271.36560890747444,134.36130781872765,3.4082275426125004
240933559.190863,3,29,-2099319688.8572881,147133867388.88715,-10349170.90067304,-30266.431845728053,-527.9140863117428,-0.3791071150487229,-2090100669.8501763,147125804183.825,-7165357.972003787,-37775.4736728966,12713.62854674083,-2643.1435340106786,0.9920398698771928,0.6615627969066223,0.8514978161542912,2460636.9177195732,271.3656003177583,134.361313525649,3.4082281940234296
240933559.190863,3,453,-2099319688.8572881,147133867388.88715,-10349170.90067304,-30266.431845728053,-527.9140863117428,-0.3791071150487229,-2090488980.5252864,147125972169.29282,-7202732.461219398,-37804.64110925519,12770.335120178768,-2662.5142732603354,0.9608027206083685,0.6615627744418787,0.8514978371164518,2460636.9177194783,271.36559023688267,134.36132539104054,3.408226252598562
240933967.49217218,3,579,-2111677507.5895872,147133651331.0423,-10349325.82840357,-30266.407252250665,-530.4114214242535,-0.3797819884037048,-2100627710.7088041,147128862885.17603,-7784852.0248722285,-38123.841851246616,12576.266800913634,-2637.0642828536784,0.965230716455758,0.661562989362298,0.8514977777182813,2460636.9177269596,271.36559952657376,134.36131700357092,3.408226537330352
