t,p1,p2,x1,y1,z1,vx1,vy1,vz1,x2,y2,z2,vx2,vy2,vz2,d,e,q,tp,node,peri,i
240932702.70064485,3,38,-2073396764.1703115,147134317298.72678,-10348846.806131259,-30266.482767269947,-522.6754780647099,-0.3776892150498731,-2080688229.6704087,147124515697.04364,-6931249.673936211,-36262.9698583473,13427.615500847207,-2810.90095575589,0.9944361457900185,0.661561898462883,0.8514979083773521,2460636.9177082856,271.36560138322983,134.36131188866483,3.408224242070745
240932798.30018586,3,597,-2076290225.7616792,147134267303.2415,-10348882.920619227,-30266.477128372655,-523.2601978564289,-0.3778476270975041,-2085520496.5657644,147126392890.66232,-7321955.609986567,-35957.05106907172,13575.142531789348,-2867.774914971896,0.9802753995313611,0.6615618401986002,0.8514979135370881,2460636.9177110726,271.36561167982273,134.36130394462808,3.4082254273382993
240933549.88488415,3,876,-2099038030.079383,147133872301.37958,-10349167.372781843,-30266.43240386464,-527.857167309731,-0.3790917253925107,-2090060366.9784248,147125816283.50656,-7169267.807956944,-37780.87932798865,12743.098492522658,-2652.3452611256816,0.9778998553354218,0.66156278987896,0.8514978051883324,2460636.917721206,271.36560076471227,134.36131327658663,3.408227450591904
240933853.19569144,3,787,-2108218163.3608527,147133711915.24963,-10349282.43145074,-30266.414157466803,-529.712337206109,-0.3795931390030517,-2097824457.1615255,147128077376.85867,-7626871.1399862785,-38054.2428392677,12651.909448672424,-2651.642158119727,0.951071917274095,0.6615629231746405,0.8514978066199888,2460636.9177251034,271.36559990425803,134.36131771331446,3.40822804188513
