t,p1,p2,x1,y1,z1,vx1,vy1,vz1,x2,y2,z2,vx2,vy2,vz2,d,e,q,tp,node,peri,i
240932978.6266659,3,477,-2081748072.0880604,147134172846.12714,-10348951.083486147,-30266.466461214128,-524.3631382621096,-0.3781463328773677,-2078998358.9390259,147122950923.29666,-6599182.812110595,-37227.702869058114,13093.076728406266,-2721.8262307730697,0.9522490122080796,0.6615623876132865,0.8514978474134968,2460636.9177167993,271.3656067950495,134.36130755418205,3.4082263964546664
240933800.31585118,3,436,-2106617680.1348517,147133739917.80176,-10349262.36093678,-30266.417346748185,-529.3889026352246,-0.3795057487127364,-2096704457.5364153,147127776879.2484,-7566950.919824241,-38035.95675906932,12708.739809583845,-2666.581202196604,0.9327460424966544,0.6615629224766182,0.8514977287501911,2460636.9177266494,271.36561870845225,134.3612929973827,3.4082284742842908
